EmployeeID,FirstName,LastName,DepartmentID,JobID,Gender,HireDate
1,Diya,Pillai,2,13,Female,01-01-2015
2,Avni,Mehta,1,15,Female,02-01-2015
3,Shaurya,Verma,5,13,Female,03-01-2015
4,Aryan,Mehta,4,12,Female,04-01-2015
5,Sara,Chopra,4,3,Male,05-01-2015
6,Ira,Yadav,3,11,Male,06-01-2015
7,Meera,Reddy,2,2,Male,07-01-2015
8,Aanya,Gupta,9,5,Male,08-01-2015
9,Om,Kapoor,2,9,Female,09-01-2015
10,Avni,Nair,10,11,Male,10-01-2015
11,Ira,Das,7,11,Male,11-01-2015
12,Riya,Bose,1,10,Male,12-01-2015
13,Vihaan,Pillai,1,6,Male,13-01-2015
14,Neil,Yadav,2,2,Male,14-01-2015
15,Meera,Verma,4,14,Male,15-01-2015
16,Aadhya,Mishra,4,13,Male,16-01-2015
17,Reyansh,Kapoor,9,4,Female,17-01-2015
18,Ansh,Nair,10,11,Female,18-01-2015
19,Dev,Reddy,1,5,Female,19-01-2015
20,Vivaan,Pillai,9,4,Female,20-01-2015
21,Aryan,Das,4,13,Male,21-01-2015
22,Shaurya,Kapoor,9,4,Male,22-01-2015
23,Ansh,Mishra,7,3,Female,23-01-2015
24,Advait,Nair,4,1,Female,24-01-2015
25,Aarush,Joshi,8,1,Female,25-01-2015
26,Sara,Reddy,10,4,Male,26-01-2015
27,Navya,Verma,5,8,Male,27-01-2015
28,Anvi,Bose,1,10,Female,28-01-2015
29,Ishaan,Singh,3,14,Male,29-01-2015
30,Saanvi,Joshi,7,13,Female,30-01-2015
31,Aanya,Khan,6,2,Male,31-01-2015
32,Siya,Pillai,5,8,Male,01-02-2015
33,Anvi,Agarwal,3,7,Male,02-02-2015
34,Saanvi,Chopra,4,15,Female,03-02-2015
35,Vivaan,Mishra,6,11,Male,04-02-2015
36,Aadhya,Agarwal,2,10,Male,05-02-2015
37,Vihaan,Agarwal,2,4,Male,06-02-2015
38,Aanya,Yadav,7,12,Male,07-02-2015
39,Raj,Khan,2,12,Female,08-02-2015
40,Aarush,Patel,6,7,Female,09-02-2015
41,Navika,Patel,6,8,Female,10-02-2015
42,Ansh,Yadav,10,7,Male,11-02-2015
43,Tanvi,Sharma,5,4,Female,12-02-2015
44,Aarav,Singh,1,3,Female,13-02-2015
45,Navya,Khan,8,11,Female,14-02-2015
46,Anika,Das,9,12,Female,15-02-2015
47,Kiara,Chopra,2,1,Female,16-02-2015
48,Krishna,Yadav,7,15,Female,17-02-2015
49,Yuvraj,Das,2,13,Male,18-02-2015
50,Ira,Mehta,9,14,Male,19-02-2015
51,Raj,Das,5,13,Female,20-02-2015
52,Aarush,Verma,10,15,Female,21-02-2015
53,Krishna,Bose,6,2,Female,22-02-2015
54,Krishna,Sharma,10,13,Male,23-02-2015
55,Om,Mehta,4,7,Male,24-02-2015
56,Diya,Patel,2,4,Male,25-02-2015
57,Aniket,Verma,1,3,Male,26-02-2015
58,Aadhya,Sharma,4,13,Female,27-02-2015
59,Aadhya,Joshi,5,12,Male,28-02-2015
60,Krishna,Das,2,9,Male,01-03-2015
61,Vihaan,Khan,4,8,Female,02-03-2015
62,Aarush,Kapoor,2,1,Female,03-03-2015
63,Riya,Sharma,7,9,Female,04-03-2015
64,Sai,Kapoor,5,4,Male,05-03-2015
65,Dhruv,Mehta,8,15,Female,06-03-2015
66,Veer,Khan,6,14,Female,07-03-2015
67,Vihaan,Sharma,3,2,Male,08-03-2015
68,Navika,Nair,6,8,Female,09-03-2015
69,Sara,Sharma,6,3,Female,10-03-2015
70,Veer,Kapoor,4,13,Female,11-03-2015
71,Sai,Joshi,5,8,Female,12-03-2015
72,Dhruv,Joshi,2,11,Female,13-03-2015
73,Siya,Bose,10,9,Male,14-03-2015
74,Om,Verma,3,9,Male,15-03-2015
75,Meera,Pillai,9,10,Female,16-03-2015
76,Yuvraj,Patel,4,6,Female,17-03-2015
77,Diya,Reddy,3,13,Female,18-03-2015
78,Vivaan,Roy,8,15,Female,19-03-2015
79,Kabir,Joshi,7,8,Female,20-03-2015
80,Navya,Joshi,5,10,Male,21-03-2015
81,Krishna,Khan,9,14,Female,22-03-2015
82,Sai,Yadav,4,12,Male,23-03-2015
83,Samar,Singh,6,15,Female,24-03-2015
84,Dhruv,Sharma,1,9,Female,25-03-2015
85,Anika,Khan,4,7,Female,26-03-2015
86,Manav,Bose,1,14,Male,27-03-2015
87,Advait,Khan,6,15,Female,28-03-2015
88,Navya,Mishra,7,9,Male,29-03-2015
89,Riya,Kapoor,5,8,Female,30-03-2015
90,Ishaan,Agarwal,2,15,Female,31-03-2015
91,Aarav,Mehta,4,3,Male,01-04-2015
92,Myra,Gupta,10,12,Male,02-04-2015
93,Riya,Joshi,6,14,Female,03-04-2015
94,Ansh,Bose,4,8,Female,04-04-2015
95,Karan,Verma,8,8,Female,05-04-2015
96,Diya,Yadav,7,5,Male,06-04-2015
97,Shaurya,Yadav,8,13,Male,07-04-2015
98,Prisha,Patel,3,4,Female,08-04-2015
99,Anika,Mehta,5,14,Male,09-04-2015
100,Pranav,Verma,3,11,Female,10-04-2015
101,Pari,Jain,4,5,Female,11-04-2015
102,Navya,Jain,9,13,Female,12-04-2015
103,Navya,Mehta,9,13,Male,13-04-2015
104,Pari,Khan,5,9,Male,14-04-2015
105,Arjun,Patel,10,8,Male,15-04-2015
106,Shaurya,Patel,7,11,Male,16-04-2015
107,Navika,Bose,10,4,Female,17-04-2015
108,Ira,Kapoor,7,5,Male,18-04-2015
109,Sara,Verma,6,8,Female,19-04-2015
110,Aanya,Mehta,4,2,Male,20-04-2015
111,Advait,Das,3,12,Male,21-04-2015
112,Avni,Jain,9,5,Male,22-04-2015
113,Advait,Yadav,8,4,Female,23-04-2015
114,Avni,Mishra,2,5,Male,24-04-2015
115,Sai,Gupta,1,6,Male,25-04-2015
116,Kiara,Singh,2,6,Female,26-04-2015
117,Ishaan,Bose,3,15,Female,27-04-2015
118,Aniket,Singh,3,9,Female,28-04-2015
119,Sara,Yadav,7,2,Female,29-04-2015
120,Vihaan,Yadav,10,3,Female,30-04-2015
121,Krishna,Mishra,2,3,Female,01-05-2015
122,Veer,Chopra,7,4,Male,02-05-2015
123,Riya,Mishra,7,7,Female,03-05-2015
124,Aanya,Kapoor,10,12,Male,04-05-2015
125,Ira,Chopra,8,3,Female,05-05-2015
126,Ansh,Pillai,9,12,Male,06-05-2015
127,Myra,Pillai,5,4,Male,07-05-2015
128,Prisha,Mishra,9,2,Male,08-05-2015
129,Kiara,Patel,1,7,Female,09-05-2015
130,Aanya,Singh,2,7,Female,10-05-2015
131,Siya,Sharma,9,6,Female,11-05-2015
132,Aryan,Pillai,5,9,Female,12-05-2015
133,Arjun,Das,6,8,Male,13-05-2015
134,Ishaan,Sharma,2,7,Female,14-05-2015
135,Ayaan,Agarwal,5,1,Female,15-05-2015
136,Navika,Verma,7,4,Female,16-05-2015
137,Navika,Sharma,3,14,Male,17-05-2015
138,Ayaan,Roy,8,7,Female,18-05-2015
139,Dev,Chopra,1,7,Female,19-05-2015
140,Navya,Yadav,5,15,Female,20-05-2015
141,Navya,Sharma,9,13,Female,21-05-2015
142,Veer,Nair,3,10,Female,22-05-2015
143,Meera,Singh,9,12,Female,23-05-2015
144,Ayaan,Yadav,2,1,Female,24-05-2015
145,Aarav,Yadav,5,14,Male,25-05-2015
146,Aadhya,Gupta,9,15,Male,26-05-2015
147,Aarush,Pillai,10,13,Female,27-05-2015
148,Pari,Pillai,4,10,Male,28-05-2015
149,Ira,Sharma,3,7,Female,29-05-2015
150,Prisha,Joshi,6,8,Male,30-05-2015
151,Reyansh,Mishra,3,1,Female,31-05-2015
152,Avni,Yadav,9,6,Female,01-06-2015
153,Aanya,Das,9,5,Female,02-06-2015
154,Aarush,Chopra,1,13,Female,03-06-2015
155,Samar,Nair,10,7,Male,04-06-2015
156,Raj,Yadav,6,14,Female,05-06-2015
157,Aryan,Joshi,8,15,Male,06-06-2015
158,Ridhima,Chopra,1,14,Male,07-06-2015
159,Aarush,Agarwal,2,7,Female,08-06-2015
160,Aryan,Mishra,6,9,Male,09-06-2015
161,Vihaan,Jain,5,12,Female,10-06-2015
162,Myra,Yadav,4,12,Male,11-06-2015
163,Vivaan,Verma,1,9,Female,12-06-2015
164,Arjun,Verma,4,13,Male,13-06-2015
165,Dhruv,Bose,10,10,Male,14-06-2015
166,Meera,Yadav,2,15,Female,15-06-2015
167,Pari,Verma,2,4,Male,16-06-2015
168,Advait,Singh,8,8,Male,17-06-2015
169,Aarav,Sharma,2,4,Female,18-06-2015
170,Navika,Kapoor,9,5,Female,19-06-2015
171,Myra,Sharma,3,7,Female,20-06-2015
172,Manav,Mehta,3,8,Female,21-06-2015
173,Raj,Joshi,8,1,Male,22-06-2015
174,Tanvi,Das,9,7,Female,23-06-2015
175,Veer,Yadav,3,6,Female,24-06-2015
176,Yuvraj,Mehta,5,11,Female,25-06-2015
177,Anika,Joshi,9,11,Female,26-06-2015
178,Navya,Das,10,13,Male,27-06-2015
179,Myra,Roy,7,7,Male,28-06-2015
180,Krishna,Patel,4,12,Male,29-06-2015
181,Pari,Kapoor,9,3,Female,30-06-2015
182,Aniket,Kapoor,4,14,Male,01-07-2015
183,Ansh,Singh,5,8,Male,02-07-2015
184,Veer,Jain,7,15,Female,03-07-2015
185,Rohan,Roy,6,3,Male,04-07-2015
186,Kiara,Kapoor,8,10,Male,05-07-2015
187,Navya,Gupta,9,9,Female,06-07-2015
188,Kiara,Nair,8,1,Male,07-07-2015
189,Sai,Bose,2,15,Female,08-07-2015
190,Arjun,Nair,4,7,Male,09-07-2015
191,Aarav,Kapoor,4,10,Male,10-07-2015
192,Aryan,Patel,2,10,Female,11-07-2015
193,Manav,Roy,6,11,Male,12-07-2015
194,Yuvraj,Sharma,1,1,Female,13-07-2015
195,Arjun,Yadav,10,2,Female,14-07-2015
196,Aadhya,Reddy,9,11,Female,15-07-2015
197,Prisha,Mehta,4,7,Female,16-07-2015
198,Manav,Chopra,10,3,Male,17-07-2015
199,Aryan,Chopra,4,14,Male,18-07-2015
200,Arjun,Mishra,1,8,Female,19-07-2015
201,Ridhima,Bose,2,3,Male,20-07-2015
202,Vihaan,Mehta,1,1,Male,21-07-2015
203,Siya,Patel,4,5,Male,22-07-2015
204,Reyansh,Bose,2,7,Male,23-07-2015
205,Dev,Joshi,1,6,Female,24-07-2015
206,Karan,Yadav,6,4,Male,25-07-2015
207,Navya,Chopra,2,8,Female,26-07-2015
208,Om,Nair,9,6,Male,27-07-2015
209,Myra,Khan,4,6,Male,28-07-2015
210,Vivaan,Kapoor,5,13,Female,29-07-2015
211,Shaurya,Chopra,8,15,Female,30-07-2015
212,Reyansh,Pillai,4,7,Female,31-07-2015
213,Dhruv,Jain,9,5,Female,01-08-2015
214,Aadhya,Roy,3,13,Male,02-08-2015
215,Atharv,Sharma,10,14,Female,03-08-2015
216,Neil,Gupta,10,7,Female,04-08-2015
217,Aryan,Khan,8,5,Male,05-08-2015
218,Atharv,Mishra,4,14,Male,06-08-2015
219,Rohan,Jain,8,2,Female,07-08-2015
220,Pranav,Nair,7,8,Female,08-08-2015
221,Riya,Mehta,4,1,Female,09-08-2015
222,Tanvi,Nair,2,12,Female,10-08-2015
223,Om,Roy,2,9,Female,11-08-2015
224,Riya,Verma,7,1,Female,12-08-2015
225,Ira,Joshi,6,6,Female,13-08-2015
226,Atharv,Agarwal,7,4,Male,14-08-2015
227,Diya,Chopra,7,11,Female,15-08-2015
228,Aanya,Verma,8,2,Female,16-08-2015
229,Karan,Das,1,13,Male,17-08-2015
230,Neil,Mehta,2,11,Male,18-08-2015
231,Anvi,Verma,1,1,Female,19-08-2015
232,Avni,Bose,7,13,Female,20-08-2015
233,Krishna,Nair,6,1,Female,21-08-2015
234,Samar,Sharma,2,4,Female,22-08-2015
235,Avni,Gupta,4,4,Male,23-08-2015
236,Ayaan,Singh,4,14,Female,24-08-2015
237,Aniket,Das,4,1,Female,25-08-2015
238,Karan,Joshi,9,10,Male,26-08-2015
239,Aditya,Bose,8,3,Male,27-08-2015
240,Ira,Mishra,3,4,Female,28-08-2015
241,Arjun,Agarwal,7,3,Female,29-08-2015
242,Dhruv,Pillai,3,8,Male,30-08-2015
243,Aniket,Chopra,5,11,Female,31-08-2015
244,Pari,Agarwal,8,2,Male,01-09-2015
245,Om,Joshi,4,10,Male,02-09-2015
246,Aryan,Sharma,2,4,Female,03-09-2015
247,Siya,Gupta,8,8,Male,04-09-2015
248,Pranav,Sharma,9,12,Male,05-09-2015
249,Dev,Singh,2,5,Male,06-09-2015
250,Kabir,Mehta,1,13,Female,07-09-2015
251,Rohan,Gupta,9,6,Female,08-09-2015
252,Sai,Sharma,1,3,Male,09-09-2015
253,Rohan,Joshi,2,10,Female,10-09-2015
254,Raj,Chopra,4,10,Male,11-09-2015
255,Om,Reddy,3,12,Male,12-09-2015
256,Dev,Pillai,7,12,Female,13-09-2015
257,Manav,Mishra,8,2,Female,14-09-2015
258,Siya,Verma,8,13,Female,15-09-2015
259,Anika,Jain,4,14,Male,16-09-2015
260,Navika,Reddy,7,3,Male,17-09-2015
261,Saanvi,Singh,1,5,Male,18-09-2015
262,Vihaan,Singh,3,2,Female,19-09-2015
263,Aniket,Mehta,7,10,Female,20-09-2015
264,Vivaan,Singh,1,1,Male,21-09-2015
265,Kiara,Verma,7,15,Female,22-09-2015
266,Ayaan,Chopra,5,5,Female,23-09-2015
267,Aditya,Patel,8,10,Female,24-09-2015
268,Riya,Agarwal,5,11,Female,25-09-2015
269,Kiara,Sharma,7,15,Male,26-09-2015
270,Aadhya,Pillai,9,7,Female,27-09-2015
271,Avni,Das,8,7,Male,28-09-2015
272,Raj,Kapoor,3,12,Male,29-09-2015
273,Riya,Singh,4,4,Male,30-09-2015
274,Ridhima,Sharma,5,2,Female,01-10-2015
275,Navika,Yadav,4,10,Female,02-10-2015
276,Karan,Nair,1,12,Male,03-10-2015
277,Vivaan,Chopra,10,14,Female,04-10-2015
278,Navika,Singh,9,11,Male,05-10-2015
279,Anika,Nair,1,4,Female,06-10-2015
280,Ansh,Reddy,6,2,Male,07-10-2015
281,Saanvi,Roy,1,12,Female,08-10-2015
282,Diya,Agarwal,1,13,Female,09-10-2015
283,Kiara,Khan,10,5,Female,10-10-2015
284,Advait,Agarwal,8,14,Female,11-10-2015
285,Prisha,Roy,9,11,Female,12-10-2015
286,Navya,Kapoor,9,10,Male,13-10-2015
287,Rohan,Bose,3,13,Male,14-10-2015
288,Reyansh,Gupta,1,2,Female,15-10-2015
289,Kabir,Mishra,9,13,Male,16-10-2015
290,Navya,Bose,2,10,Female,17-10-2015
291,Navika,Pillai,3,13,Male,18-10-2015
292,Anvi,Jain,2,1,Male,19-10-2015
293,Shaurya,Nair,10,6,Female,20-10-2015
294,Karan,Roy,2,9,Female,21-10-2015
295,Diya,Mishra,4,7,Female,22-10-2015
296,Neil,Chopra,7,11,Male,23-10-2015
297,Manav,Patel,2,6,Male,24-10-2015
298,Diya,Sharma,10,2,Male,25-10-2015
299,Navika,Mehta,4,9,Male,26-10-2015
300,Ayaan,Gupta,10,11,Female,27-10-2015
301,Krishna,Agarwal,10,6,Female,28-10-2015
302,Rohan,Nair,1,1,Male,29-10-2015
303,Samar,Roy,10,14,Male,30-10-2015
304,Ishaan,Reddy,2,7,Male,31-10-2015
305,Vivaan,Sharma,7,14,Male,01-11-2015
306,Dev,Mishra,10,8,Female,02-11-2015
307,Sara,Joshi,10,2,Female,03-11-2015
308,Kabir,Reddy,9,7,Female,04-11-2015
309,Ira,Gupta,6,6,Female,05-11-2015
310,Ishaan,Gupta,5,11,Male,06-11-2015
311,Myra,Nair,4,15,Female,07-11-2015
312,Atharv,Das,6,14,Male,08-11-2015
313,Ayaan,Reddy,4,8,Female,09-11-2015
314,Manav,Singh,5,12,Female,10-11-2015
315,Riya,Roy,7,3,Female,11-11-2015
316,Karan,Singh,3,7,Male,12-11-2015
317,Samar,Das,5,3,Female,13-11-2015
318,Aarush,Yadav,8,12,Male,14-11-2015
319,Om,Gupta,6,9,Female,15-11-2015
320,Vivaan,Yadav,2,11,Female,16-11-2015
321,Dhruv,Agarwal,1,5,Male,17-11-2015
322,Arjun,Reddy,8,10,Female,18-11-2015
323,Ansh,Gupta,10,13,Male,19-11-2015
324,Aarush,Jain,10,15,Female,20-11-2015
325,Raj,Agarwal,2,9,Female,21-11-2015
326,Tanvi,Mehta,2,13,Male,22-11-2015
327,Pranav,Reddy,9,8,Female,23-11-2015
328,Prisha,Nair,4,8,Female,24-11-2015
329,Karan,Jain,9,7,Male,25-11-2015
330,Kabir,Verma,5,14,Male,26-11-2015
331,Anika,Chopra,3,12,Female,27-11-2015
332,Saanvi,Gupta,6,10,Male,28-11-2015
333,Tanvi,Roy,2,5,Male,29-11-2015
334,Diya,Kapoor,4,6,Male,30-11-2015
335,Saanvi,Das,6,14,Male,01-12-2015
336,Myra,Chopra,5,4,Female,02-12-2015
337,Avni,Reddy,3,14,Male,03-12-2015
338,Navya,Nair,8,15,Male,04-12-2015
339,Advait,Reddy,9,2,Male,05-12-2015
340,Neil,Kapoor,5,5,Male,06-12-2015
341,Atharv,Khan,10,15,Male,07-12-2015
342,Saanvi,Jain,9,8,Male,08-12-2015
343,Dev,Jain,1,4,Male,09-12-2015
344,Myra,Singh,9,13,Female,10-12-2015
345,Dhruv,Singh,5,8,Male,11-12-2015
346,Aadhya,Kapoor,2,10,Male,12-12-2015
347,Vihaan,Gupta,3,10,Female,13-12-2015
348,Prisha,Khan,5,11,Male,14-12-2015
349,Aniket,Khan,2,7,Male,15-12-2015
350,Anvi,Roy,2,6,Female,16-12-2015
351,Ansh,Jain,9,1,Male,17-12-2015
352,Ayaan,Mishra,3,8,Male,18-12-2015
353,Aditya,Agarwal,5,14,Male,19-12-2015
354,Aditya,Kapoor,5,6,Male,20-12-2015
355,Aryan,Kapoor,10,3,Male,21-12-2015
356,Shaurya,Gupta,4,8,Female,22-12-2015
357,Myra,Reddy,6,4,Male,23-12-2015
358,Sai,Das,4,6,Female,24-12-2015
359,Dev,Patel,5,13,Male,25-12-2015
360,Yuvraj,Joshi,9,5,Male,26-12-2015
361,Ishaan,Yadav,8,6,Female,27-12-2015
362,Anvi,Singh,5,5,Male,28-12-2015
363,Siya,Nair,1,15,Male,29-12-2015
364,Shaurya,Jain,2,10,Female,30-12-2015
365,Ayaan,Pillai,7,12,Male,31-12-2015
366,Karan,Sharma,5,15,Male,01-01-2016
367,Aarav,Gupta,1,5,Female,02-01-2016
368,Neil,Bose,1,9,Female,03-01-2016
369,Ishaan,Mehta,6,1,Female,04-01-2016
370,Ansh,Chopra,3,9,Male,05-01-2016
371,Ridhima,Mehta,5,4,Female,06-01-2016
372,Aditya,Singh,3,2,Male,07-01-2016
373,Kabir,Bose,8,4,Male,08-01-2016
374,Prisha,Singh,9,12,Female,09-01-2016
375,Tanvi,Kapoor,7,7,Female,10-01-2016
376,Anika,Bose,9,8,Male,11-01-2016
377,Aditya,Verma,1,9,Male,12-01-2016
378,Ansh,Mehta,2,13,Female,13-01-2016
379,Rohan,Yadav,2,4,Female,14-01-2016
380,Aarush,Nair,3,12,Female,15-01-2016
381,Dev,Agarwal,9,8,Male,16-01-2016
382,Ridhima,Reddy,1,11,Female,17-01-2016
383,Ira,Khan,6,12,Female,18-01-2016
384,Tanvi,Chopra,10,8,Male,19-01-2016
385,Vihaan,Mishra,9,8,Male,20-01-2016
386,Rohan,Singh,3,13,Female,21-01-2016
387,Ridhima,Patel,7,1,Male,22-01-2016
388,Aarav,Khan,3,2,Male,23-01-2016
389,Navika,Gupta,1,5,Male,24-01-2016
390,Shaurya,Mishra,5,4,Female,25-01-2016
391,Om,Singh,6,7,Female,26-01-2016
392,Yuvraj,Pillai,1,12,Female,27-01-2016
393,Ishaan,Jain,6,4,Female,28-01-2016
394,Riya,Khan,4,5,Female,29-01-2016
395,Prisha,Chopra,4,11,Female,30-01-2016
396,Aniket,Roy,2,10,Male,31-01-2016
397,Ridhima,Das,6,6,Male,01-02-2016
398,Aadhya,Mehta,9,8,Male,02-02-2016
399,Ayaan,Joshi,7,9,Female,03-02-2016
400,Aarush,Reddy,10,9,Female,04-02-2016
401,Kiara,Yadav,3,6,Male,05-02-2016
402,Dhruv,Verma,4,7,Female,06-02-2016
403,Veer,Mishra,3,12,Female,07-02-2016
404,Riya,Jain,3,9,Female,08-02-2016
405,Kabir,Yadav,7,6,Female,09-02-2016
406,Aarav,Joshi,1,6,Female,10-02-2016
407,Ayaan,Khan,3,12,Male,11-02-2016
408,Atharv,Chopra,6,8,Female,12-02-2016
409,Meera,Das,7,5,Female,13-02-2016
410,Riya,Nair,4,5,Female,14-02-2016
411,Pranav,Patel,5,5,Female,15-02-2016
412,Shaurya,Joshi,3,4,Female,16-02-2016
413,Aditya,Roy,2,2,Male,17-02-2016
414,Pari,Sharma,7,12,Female,18-02-2016
415,Rohan,Khan,1,4,Male,19-02-2016
416,Pari,Yadav,8,6,Male,20-02-2016
417,Vihaan,Das,4,2,Male,21-02-2016
418,Ira,Singh,4,12,Male,22-02-2016
419,Prisha,Jain,8,9,Female,23-02-2016
420,Siya,Kapoor,6,13,Male,24-02-2016
421,Krishna,Kapoor,5,12,Female,25-02-2016
422,Tanvi,Gupta,4,3,Male,26-02-2016
423,Neil,Das,4,4,Male,27-02-2016
424,Pari,Patel,1,4,Female,28-02-2016
425,Avni,Khan,4,12,Male,29-02-2016
426,Siya,Jain,7,8,Female,01-03-2016
427,Sara,Mehta,6,5,Female,02-03-2016
428,Yuvraj,Nair,5,12,Female,03-03-2016
429,Atharv,Reddy,2,10,Male,04-03-2016
430,Sara,Bose,5,13,Female,05-03-2016
431,Veer,Reddy,6,9,Female,06-03-2016
432,Arjun,Khan,9,10,Female,07-03-2016
433,Aarav,Chopra,7,5,Male,08-03-2016
434,Pranav,Chopra,9,2,Male,09-03-2016
435,Tanvi,Bose,6,14,Male,10-03-2016
436,Saanvi,Mishra,1,4,Female,11-03-2016
437,Kiara,Mishra,2,5,Male,12-03-2016
438,Samar,Yadav,5,4,Male,13-03-2016
439,Tanvi,Yadav,3,6,Female,14-03-2016
440,Neil,Singh,10,3,Female,15-03-2016
441,Prisha,Sharma,5,5,Male,16-03-2016
442,Karan,Gupta,1,1,Female,17-03-2016
443,Avni,Pillai,2,12,Male,18-03-2016
444,Anika,Patel,10,9,Female,19-03-2016
445,Anika,Singh,7,3,Male,20-03-2016
446,Myra,Mehta,6,5,Female,21-03-2016
447,Arjun,Jain,6,1,Male,22-03-2016
448,Aditya,Joshi,7,1,Male,23-03-2016
449,Prisha,Verma,10,9,Female,24-03-2016
450,Pranav,Agarwal,9,5,Female,25-03-2016
451,Anvi,Mishra,2,12,Female,26-03-2016
452,Aarush,Mishra,7,3,Female,27-03-2016
453,Saanvi,Reddy,10,11,Male,28-03-2016
454,Kabir,Chopra,4,14,Male,29-03-2016
455,Samar,Khan,5,13,Male,30-03-2016
456,Pari,Roy,1,8,Female,31-03-2016
457,Samar,Gupta,7,2,Male,01-04-2016
458,Ridhima,Pillai,1,14,Male,02-04-2016
459,Diya,Gupta,9,1,Male,03-04-2016
460,Advait,Jain,9,10,Male,04-04-2016
461,Aryan,Bose,4,5,Male,05-04-2016
462,Manav,Jain,6,8,Female,06-04-2016
463,Rohan,Verma,7,8,Female,07-04-2016
464,Om,Yadav,2,8,Female,08-04-2016
465,Pari,Mehta,6,6,Female,09-04-2016
466,Om,Mishra,10,3,Male,10-04-2016
467,Ishaan,Das,6,1,Female,11-04-2016
468,Diya,Verma,2,5,Female,12-04-2016
469,Navika,Das,5,14,Female,13-04-2016
470,Tanvi,Singh,9,8,Male,14-04-2016
471,Karan,Reddy,5,2,Male,15-04-2016
472,Aniket,Agarwal,7,14,Male,16-04-2016
473,Aanya,Sharma,6,2,Male,17-04-2016
474,Ridhima,Mishra,7,7,Male,18-04-2016
475,Sai,Roy,5,8,Male,19-04-2016
476,Om,Jain,9,2,Female,20-04-2016
477,Avni,Agarwal,3,10,Female,21-04-2016
478,Aarush,Khan,4,11,Female,22-04-2016
479,Reyansh,Sharma,7,11,Female,23-04-2016
480,Anvi,Nair,7,1,Female,24-04-2016
481,Shaurya,Roy,3,3,Female,25-04-2016
482,Dhruv,Mishra,10,3,Female,26-04-2016
483,Atharv,Yadav,10,13,Male,27-04-2016
484,Anika,Agarwal,5,10,Male,28-04-2016
485,Karan,Agarwal,7,5,Female,29-04-2016
486,Kiara,Pillai,9,2,Female,30-04-2016
487,Om,Das,1,4,Male,01-05-2016
488,Pranav,Bose,5,2,Female,02-05-2016
489,Ira,Roy,5,9,Female,03-05-2016
490,Aryan,Yadav,4,13,Female,04-05-2016
491,Arjun,Singh,7,7,Male,05-05-2016
492,Neil,Agarwal,10,10,Male,06-05-2016
493,Ansh,Khan,10,10,Female,07-05-2016
494,Veer,Pillai,6,13,Male,08-05-2016
495,Ishaan,Roy,8,10,Male,09-05-2016
496,Aadhya,Jain,8,4,Male,10-05-2016
497,Anika,Mishra,8,13,Female,11-05-2016
498,Anika,Sharma,4,9,Male,12-05-2016
499,Aadhya,Bose,9,7,Male,13-05-2016
500,Meera,Jain,8,8,Female,14-05-2016
